employee_id,employee_name,date,check_in,check_out
101,Aarav Kumar,6/1/2026,9:00,18:08
101,Aarav Kumar,6/2/2026,9:07,17:49
101,Aarav Kumar,6/3/2026,9:02,18:03
101,Aarav Kumar,6/4/2026,9:00,17:47
101,Aarav Kumar,6/5/2026,9:00,18:02
101,Aarav Kumar,6/8/2026,9:13,17:52
101,Aarav Kumar,6/9/2026,9:08,18:10
101,Aarav Kumar,6/10/2026,9:05,18:07
101,Aarav Kumar,6/11/2026,9:08,17:49
101,Aarav Kumar,6/12/2026,9:10,17:48
101,Aarav Kumar,6/15/2026,9:03,17:56
101,Aarav Kumar,6/16/2026,9:08,18:10
101,Aarav Kumar,6/18/2026,9:03,18:14
101,Aarav Kumar,6/19/2026,9:09,18:11
101,Aarav Kumar,6/22/2026,9:11,18:03
101,Aarav Kumar,6/23/2026,9:02,17:46
101,Aarav Kumar,6/24/2026,9:09,17:47
101,Aarav Kumar,6/25/2026,9:03,17:57
101,Aarav Kumar,6/26/2026,9:11,17:50
101,Aarav Kumar,6/29/2026,9:06,18:06
101,Aarav Kumar,6/30/2026,9:02,18:04
102,Priya Sharma,6/1/2026,9:22,18:08
102,Priya Sharma,6/3/2026,9:13,18:14
102,Priya Sharma,6/4/2026,9:22,17:52
102,Priya Sharma,6/5/2026,9:29,18:09
102,Priya Sharma,6/9/2026,9:30,17:55
102,Priya Sharma,6/10/2026,9:07,17:51
102,Priya Sharma,6/11/2026,9:23,18:13
102,Priya Sharma,6/12/2026,9:11,18:05
102,Priya Sharma,6/15/2026,9:25,17:59
102,Priya Sharma,6/18/2026,9:22,17:53
102,Priya Sharma,6/19/2026,9:18,18:13
102,Priya Sharma,6/22/2026,9:16,17:52
102,Priya Sharma,6/23/2026,9:09,18:01
102,Priya Sharma,6/24/2026,9:29,17:46
102,Priya Sharma,6/25/2026,9:09,18:05
102,Priya Sharma,6/29/2026,9:24,17:47
102,Priya Sharma,6/30/2026,9:24,17:59
103,Rohan Singh,6/1/2026,8:58,18:06
103,Rohan Singh,6/2/2026,9:02,18:09
103,Rohan Singh,6/3/2026,8:59,17:54
103,Rohan Singh,6/4/2026,9:05,17:45
103,Rohan Singh,6/5/2026,9:02,18:01
103,Rohan Singh,6/8/2026,8:59,18:12
103,Rohan Singh,6/9/2026,9:01,17:49
103,Rohan Singh,6/10/2026,9:00,18:02
103,Rohan Singh,6/11/2026,8:58,18:04
103,Rohan Singh,6/12/2026,8:58,17:48
103,Rohan Singh,6/15/2026,9:02,17:52
103,Rohan Singh,6/16/2026,8:59,17:47
103,Rohan Singh,6/17/2026,8:59,18:09
103,Rohan Singh,6/18/2026,9:00,17:49
103,Rohan Singh,6/19/2026,9:00,17:53
103,Rohan Singh,6/22/2026,9:04,18:15
103,Rohan Singh,6/23/2026,9:01,18:07
103,Rohan Singh,6/24/2026,9:03,17:59
103,Rohan Singh,6/25/2026,9:05,17:48
103,Rohan Singh,6/26/2026,8:59,17:55
103,Rohan Singh,6/29/2026,9:01,18:03
103,Rohan Singh,6/30/2026,8:59,18:07
104,Meera Patel,6/1/2026,9:12,17:47
104,Meera Patel,6/2/2026,9:15,17:47
104,Meera Patel,6/3/2026,9:13,18:06
104,Meera Patel,6/4/2026,9:22,17:49
104,Meera Patel,6/5/2026,9:23,18:03
104,Meera Patel,6/8/2026,9:30,18:00
104,Meera Patel,6/9/2026,9:11,17:48
104,Meera Patel,6/11/2026,9:18,17:58
104,Meera Patel,6/12/2026,9:28,17:46
104,Meera Patel,6/15/2026,9:25,17:48
104,Meera Patel,6/17/2026,9:30,18:12
104,Meera Patel,6/22/2026,9:09,17:58
104,Meera Patel,6/24/2026,9:07,17:59
104,Meera Patel,6/25/2026,9:22,17:48
104,Meera Patel,6/29/2026,9:05,17:47
104,Meera Patel,6/30/2026,9:12,17:50
105,Vikram Rao,6/1/2026,9:05,17:51
105,Vikram Rao,6/2/2026,8:58,17:50
105,Vikram Rao,6/3/2026,9:04,17:53
105,Vikram Rao,6/4/2026,9:05,17:54
105,Vikram Rao,6/5/2026,9:05,17:49
105,Vikram Rao,6/8/2026,9:01,18:15
105,Vikram Rao,6/9/2026,8:58,18:08
105,Vikram Rao,6/10/2026,8:58,18:03
105,Vikram Rao,6/11/2026,9:00,17:46
105,Vikram Rao,6/12/2026,8:59,18:12
105,Vikram Rao,6/15/2026,8:59,18:06
105,Vikram Rao,6/16/2026,9:04,17:48
105,Vikram Rao,6/17/2026,9:01,18:03
105,Vikram Rao,6/18/2026,8:59,17:58
105,Vikram Rao,6/19/2026,9:03,18:14
105,Vikram Rao,6/22/2026,9:03,17:52
105,Vikram Rao,6/23/2026,9:00,18:06
105,Vikram Rao,6/24/2026,9:05,17:55
105,Vikram Rao,6/25/2026,8:59,17:45
105,Vikram Rao,6/26/2026,8:59,17:47
105,Vikram Rao,6/29/2026,9:02,17:49
105,Vikram Rao,6/30/2026,8:59,18:13
106,Ananya Iyer,6/1/2026,9:19,17:50
106,Ananya Iyer,6/2/2026,9:27,18:07
106,Ananya Iyer,6/3/2026,9:35,18:05
106,Ananya Iyer,6/4/2026,9:31,18:11
106,Ananya Iyer,6/5/2026,9:31,17:48
106,Ananya Iyer,6/8/2026,9:14,17:53
106,Ananya Iyer,6/9/2026,9:13,18:08
106,Ananya Iyer,6/10/2026,9:18,17:54
106,Ananya Iyer,6/11/2026,9:32,17:55
106,Ananya Iyer,6/12/2026,9:30,18:12
106,Ananya Iyer,6/15/2026,9:25,17:53
106,Ananya Iyer,6/16/2026,9:11,17:47
106,Ananya Iyer,6/17/2026,9:18,17:46
106,Ananya Iyer,6/19/2026,9:30,17:53
106,Ananya Iyer,6/22/2026,9:24,18:02
106,Ananya Iyer,6/23/2026,9:27,17:45
106,Ananya Iyer,6/24/2026,9:32,18:13
106,Ananya Iyer,6/25/2026,9:11,18:11
106,Ananya Iyer,6/26/2026,9:27,17:49
106,Ananya Iyer,6/29/2026,9:11,17:54
106,Ananya Iyer,6/30/2026,9:35,18:12
107,Karthik Nair,6/2/2026,9:07,18:06
107,Karthik Nair,6/3/2026,9:13,18:04
107,Karthik Nair,6/4/2026,9:07,18:12
107,Karthik Nair,6/5/2026,9:05,18:13
107,Karthik Nair,6/8/2026,9:05,18:08
107,Karthik Nair,6/9/2026,9:13,18:10
107,Karthik Nair,6/10/2026,9:07,17:53
107,Karthik Nair,6/11/2026,9:03,17:57
107,Karthik Nair,6/12/2026,9:15,17:52
107,Karthik Nair,6/15/2026,9:14,17:56
107,Karthik Nair,6/16/2026,9:07,17:52
107,Karthik Nair,6/18/2026,9:10,17:53
107,Karthik Nair,6/19/2026,9:08,17:56
107,Karthik Nair,6/22/2026,9:12,18:06
107,Karthik Nair,6/23/2026,9:10,18:15
107,Karthik Nair,6/25/2026,9:08,17:50
107,Karthik Nair,6/26/2026,9:08,17:46
107,Karthik Nair,6/29/2026,9:13,17:56
107,Karthik Nair,6/30/2026,9:10,17:58
108,Divya Reddy,6/1/2026,9:03,17:57
108,Divya Reddy,6/2/2026,9:06,17:53
108,Divya Reddy,6/4/2026,9:06,17:56
108,Divya Reddy,6/5/2026,9:10,18:04
108,Divya Reddy,6/8/2026,9:03,18:08
108,Divya Reddy,6/9/2026,9:09,18:06
108,Divya Reddy,6/10/2026,9:12,18:07
108,Divya Reddy,6/11/2026,9:04,17:51
108,Divya Reddy,6/12/2026,9:12,18:06
108,Divya Reddy,6/15/2026,9:05,18:04
108,Divya Reddy,6/16/2026,9:12,18:02
108,Divya Reddy,6/17/2026,9:09,17:54
108,Divya Reddy,6/18/2026,9:10,17:59
108,Divya Reddy,6/19/2026,9:06,18:01
108,Divya Reddy,6/22/2026,9:05,18:06
108,Divya Reddy,6/23/2026,9:10,17:47
108,Divya Reddy,6/24/2026,9:07,18:06
108,Divya Reddy,6/25/2026,9:06,17:49
108,Divya Reddy,6/29/2026,9:15,18:04
108,Divya Reddy,6/30/2026,9:02,17:59
109,Siddharth Joshi,6/2/2026,9:11,18:07
109,Siddharth Joshi,6/3/2026,9:20,17:57
109,Siddharth Joshi,6/5/2026,9:05,18:13
109,Siddharth Joshi,6/8/2026,9:08,18:09
109,Siddharth Joshi,6/11/2026,9:21,17:59
109,Siddharth Joshi,6/16/2026,9:19,17:49
109,Siddharth Joshi,6/17/2026,9:21,18:02
109,Siddharth Joshi,6/18/2026,9:19,18:04
109,Siddharth Joshi,6/19/2026,9:21,17:58
109,Siddharth Joshi,6/22/2026,9:22,17:59
109,Siddharth Joshi,6/23/2026,9:20,17:59
109,Siddharth Joshi,6/26/2026,9:21,18:00
109,Siddharth Joshi,6/29/2026,9:13,17:59
110,Nisha Verma,6/1/2026,9:08,17:55
110,Nisha Verma,6/2/2026,9:02,17:49
110,Nisha Verma,6/3/2026,9:12,18:07
110,Nisha Verma,6/4/2026,9:06,17:47
110,Nisha Verma,6/5/2026,9:10,18:02
110,Nisha Verma,6/8/2026,9:01,17:51
110,Nisha Verma,6/9/2026,9:12,18:13
110,Nisha Verma,6/10/2026,9:00,18:12
110,Nisha Verma,6/11/2026,9:12,18:00
110,Nisha Verma,6/15/2026,9:12,18:12
110,Nisha Verma,6/16/2026,9:13,18:02
110,Nisha Verma,6/17/2026,9:07,18:00
110,Nisha Verma,6/18/2026,9:13,18:00
110,Nisha Verma,6/22/2026,9:12,18:08
110,Nisha Verma,6/23/2026,9:14,18:14
110,Nisha Verma,6/24/2026,9:00,18:14
110,Nisha Verma,6/25/2026,9:00,17:47
110,Nisha Verma,6/26/2026,9:04,18:12
110,Nisha Verma,6/29/2026,9:01,17:53
110,Nisha Verma,6/30/2026,9:06,17:59
111,Arjun Mehta,6/1/2026,9:12,17:53
111,Arjun Mehta,6/2/2026,9:13,17:53
111,Arjun Mehta,6/3/2026,9:15,17:45
111,Arjun Mehta,6/4/2026,9:01,18:15
111,Arjun Mehta,6/5/2026,9:02,18:09
111,Arjun Mehta,6/8/2026,9:01,18:09
111,Arjun Mehta,6/10/2026,9:00,18:04
111,Arjun Mehta,6/11/2026,9:04,18:00
111,Arjun Mehta,6/12/2026,9:06,17:59
111,Arjun Mehta,6/15/2026,9:11,17:50
111,Arjun Mehta,6/16/2026,9:03,18:09
111,Arjun Mehta,6/17/2026,9:09,17:48
111,Arjun Mehta,6/18/2026,9:09,18:03
111,Arjun Mehta,6/19/2026,9:12,17:57
111,Arjun Mehta,6/22/2026,9:06,17:47
111,Arjun Mehta,6/23/2026,9:07,17:48
111,Arjun Mehta,6/24/2026,9:09,18:12
111,Arjun Mehta,6/25/2026,9:03,18:10
111,Arjun Mehta,6/26/2026,9:01,17:56
111,Arjun Mehta,6/29/2026,9:11,17:47
111,Arjun Mehta,6/30/2026,9:10,17:45
112,Kavya Pillai,6/1/2026,9:20,17:48
112,Kavya Pillai,6/2/2026,9:16,18:05
112,Kavya Pillai,6/3/2026,9:19,18:07
112,Kavya Pillai,6/8/2026,9:25,17:53
112,Kavya Pillai,6/9/2026,9:22,18:09
112,Kavya Pillai,6/10/2026,9:18,18:11
112,Kavya Pillai,6/11/2026,9:13,17:55
112,Kavya Pillai,6/12/2026,9:07,17:53
112,Kavya Pillai,6/15/2026,9:12,18:09
112,Kavya Pillai,6/16/2026,9:24,18:06
112,Kavya Pillai,6/17/2026,9:05,18:00
112,Kavya Pillai,6/18/2026,9:10,18:00
112,Kavya Pillai,6/22/2026,9:15,17:53
112,Kavya Pillai,6/23/2026,9:27,18:13
112,Kavya Pillai,6/24/2026,9:05,18:01
112,Kavya Pillai,6/25/2026,9:07,17:52
112,Kavya Pillai,6/26/2026,9:20,18:02
112,Kavya Pillai,6/29/2026,9:27,18:00
112,Kavya Pillai,6/30/2026,9:20,17:59
113,Rahul Gupta,6/1/2026,9:12,17:54
113,Rahul Gupta,6/2/2026,9:32,17:52
113,Rahul Gupta,6/3/2026,9:28,17:56
113,Rahul Gupta,6/4/2026,9:26,17:56
113,Rahul Gupta,6/5/2026,9:33,18:02
113,Rahul Gupta,6/8/2026,9:32,17:59
113,Rahul Gupta,6/9/2026,9:18,17:52
113,Rahul Gupta,6/10/2026,9:16,17:55
113,Rahul Gupta,6/11/2026,9:27,18:15
113,Rahul Gupta,6/12/2026,9:15,17:51
113,Rahul Gupta,6/15/2026,9:25,17:53
113,Rahul Gupta,6/16/2026,9:34,18:01
113,Rahul Gupta,6/17/2026,9:13,18:11
113,Rahul Gupta,6/18/2026,9:17,17:56
113,Rahul Gupta,6/19/2026,9:10,18:07
113,Rahul Gupta,6/22/2026,9:18,17:46
113,Rahul Gupta,6/23/2026,9:27,17:54
113,Rahul Gupta,6/24/2026,9:14,18:05
113,Rahul Gupta,6/25/2026,9:25,17:48
113,Rahul Gupta,6/26/2026,9:28,17:54
113,Rahul Gupta,6/29/2026,9:24,17:55
113,Rahul Gupta,6/30/2026,9:11,17:53
114,Sneha Bose,6/1/2026,9:15,17:48
114,Sneha Bose,6/2/2026,9:12,18:00
114,Sneha Bose,6/4/2026,9:01,17:49
114,Sneha Bose,6/5/2026,9:09,17:47
114,Sneha Bose,6/8/2026,9:03,18:02
114,Sneha Bose,6/9/2026,9:07,18:09
114,Sneha Bose,6/10/2026,9:14,18:14
114,Sneha Bose,6/11/2026,9:13,17:54
114,Sneha Bose,6/12/2026,9:01,18:04
114,Sneha Bose,6/15/2026,9:03,18:15
114,Sneha Bose,6/16/2026,9:06,17:53
114,Sneha Bose,6/17/2026,9:05,17:52
114,Sneha Bose,6/18/2026,9:02,17:50
114,Sneha Bose,6/22/2026,9:15,17:54
114,Sneha Bose,6/24/2026,9:09,18:07
114,Sneha Bose,6/25/2026,9:02,18:06
114,Sneha Bose,6/26/2026,9:08,18:10
114,Sneha Bose,6/29/2026,9:06,17:58
114,Sneha Bose,6/30/2026,9:07,18:05
115,Aditya Sharma,6/1/2026,9:08,18:11
115,Aditya Sharma,6/2/2026,9:01,17:50
115,Aditya Sharma,6/3/2026,9:09,17:59
115,Aditya Sharma,6/4/2026,9:09,18:07
115,Aditya Sharma,6/5/2026,9:08,18:01
115,Aditya Sharma,6/8/2026,9:14,17:47
115,Aditya Sharma,6/9/2026,9:13,18:08
115,Aditya Sharma,6/10/2026,9:08,17:45
115,Aditya Sharma,6/11/2026,9:00,18:09
115,Aditya Sharma,6/12/2026,9:08,18:03
115,Aditya Sharma,6/16/2026,9:15,18:01
115,Aditya Sharma,6/17/2026,9:08,17:50
115,Aditya Sharma,6/18/2026,9:13,18:05
115,Aditya Sharma,6/19/2026,9:02,18:00
115,Aditya Sharma,6/22/2026,9:10,17:55
115,Aditya Sharma,6/23/2026,9:05,17:55
115,Aditya Sharma,6/24/2026,9:15,17:54
115,Aditya Sharma,6/25/2026,9:12,18:11
115,Aditya Sharma,6/26/2026,9:01,17:59
115,Aditya Sharma,6/29/2026,9:08,17:55
115,Aditya Sharma,6/30/2026,9:12,18:12
116,Pooja Yadav,6/1/2026,9:05,18:06
116,Pooja Yadav,6/2/2026,9:19,17:58
116,Pooja Yadav,6/4/2026,9:24,18:09
116,Pooja Yadav,6/5/2026,9:19,18:09
116,Pooja Yadav,6/12/2026,9:20,17:48
116,Pooja Yadav,6/16/2026,9:12,18:07
116,Pooja Yadav,6/18/2026,9:22,17:58
116,Pooja Yadav,6/22/2026,9:08,17:59
116,Pooja Yadav,6/23/2026,9:25,18:11
116,Pooja Yadav,6/25/2026,9:14,18:01
116,Pooja Yadav,6/26/2026,9:18,18:11
116,Pooja Yadav,6/29/2026,9:20,17:52
116,Pooja Yadav,6/30/2026,9:09,17:57
117,Manish Tiwari,6/1/2026,9:04,18:12
117,Manish Tiwari,6/3/2026,9:13,17:55
117,Manish Tiwari,6/4/2026,9:08,18:11
117,Manish Tiwari,6/8/2026,9:15,18:12
117,Manish Tiwari,6/9/2026,9:15,17:56
117,Manish Tiwari,6/10/2026,9:12,17:59
117,Manish Tiwari,6/11/2026,9:06,18:07
117,Manish Tiwari,6/12/2026,9:12,17:52
117,Manish Tiwari,6/15/2026,9:13,17:46
117,Manish Tiwari,6/16/2026,9:15,18:07
117,Manish Tiwari,6/17/2026,9:12,17:57
117,Manish Tiwari,6/18/2026,9:04,18:00
117,Manish Tiwari,6/19/2026,9:04,18:01
117,Manish Tiwari,6/22/2026,9:10,18:12
117,Manish Tiwari,6/23/2026,9:14,17:48
117,Manish Tiwari,6/24/2026,9:14,17:45
117,Manish Tiwari,6/25/2026,9:13,18:12
117,Manish Tiwari,6/26/2026,9:04,17:47
117,Manish Tiwari,6/29/2026,9:08,17:55
117,Manish Tiwari,6/30/2026,9:12,18:05
118,Riya Kapoor,6/2/2026,9:26,18:12
118,Riya Kapoor,6/3/2026,9:15,18:05
118,Riya Kapoor,6/4/2026,9:29,18:00
118,Riya Kapoor,6/5/2026,9:06,18:04
118,Riya Kapoor,6/9/2026,9:14,17:52
118,Riya Kapoor,6/10/2026,9:18,17:48
118,Riya Kapoor,6/11/2026,9:27,18:12
118,Riya Kapoor,6/16/2026,9:05,17:46
118,Riya Kapoor,6/17/2026,9:06,17:54
118,Riya Kapoor,6/18/2026,9:18,17:49
118,Riya Kapoor,6/22/2026,9:26,18:10
118,Riya Kapoor,6/25/2026,9:17,18:04
118,Riya Kapoor,6/26/2026,9:20,18:14
118,Riya Kapoor,6/29/2026,9:12,17:59
118,Riya Kapoor,6/30/2026,9:19,17:53
119,Deepak Malhotra,6/1/2026,9:14,18:13
119,Deepak Malhotra,6/2/2026,9:05,17:47
119,Deepak Malhotra,6/3/2026,9:11,18:03
119,Deepak Malhotra,6/4/2026,9:13,18:07
119,Deepak Malhotra,6/5/2026,9:09,17:51
119,Deepak Malhotra,6/8/2026,9:15,17:48
119,Deepak Malhotra,6/9/2026,9:11,18:03
119,Deepak Malhotra,6/10/2026,9:09,17:45
119,Deepak Malhotra,6/11/2026,9:12,17:53
119,Deepak Malhotra,6/15/2026,9:01,18:14
119,Deepak Malhotra,6/16/2026,9:15,18:11
119,Deepak Malhotra,6/17/2026,9:09,18:09
119,Deepak Malhotra,6/18/2026,9:11,17:52
119,Deepak Malhotra,6/19/2026,9:08,18:06
119,Deepak Malhotra,6/22/2026,9:04,18:05
119,Deepak Malhotra,6/23/2026,9:01,17:54
119,Deepak Malhotra,6/24/2026,9:01,18:03
119,Deepak Malhotra,6/25/2026,9:04,17:47
119,Deepak Malhotra,6/26/2026,9:10,18:08
119,Deepak Malhotra,6/29/2026,9:06,17:49
119,Deepak Malhotra,6/30/2026,9:11,18:01
120,Sunita Banerjee,6/1/2026,9:08,18:11
120,Sunita Banerjee,6/2/2026,9:15,18:15
120,Sunita Banerjee,6/3/2026,9:10,18:10
120,Sunita Banerjee,6/4/2026,9:02,17:49
120,Sunita Banerjee,6/5/2026,9:07,18:12
120,Sunita Banerjee,6/8/2026,9:12,18:15
120,Sunita Banerjee,6/9/2026,9:11,17:47
120,Sunita Banerjee,6/10/2026,9:00,17:53
120,Sunita Banerjee,6/11/2026,9:14,17:56
120,Sunita Banerjee,6/12/2026,9:08,18:03
120,Sunita Banerjee,6/15/2026,9:11,17:48
120,Sunita Banerjee,6/16/2026,9:15,17:45
120,Sunita Banerjee,6/17/2026,9:10,18:14
120,Sunita Banerjee,6/18/2026,9:02,18:05
120,Sunita Banerjee,6/19/2026,9:09,18:05
120,Sunita Banerjee,6/22/2026,9:04,17:46
120,Sunita Banerjee,6/23/2026,9:09,18:00
120,Sunita Banerjee,6/24/2026,9:07,18:13
120,Sunita Banerjee,6/25/2026,9:12,17:59
120,Sunita Banerjee,6/26/2026,9:13,18:03
120,Sunita Banerjee,6/29/2026,9:04,18:13
120,Sunita Banerjee,6/30/2026,9:03,18:11
121,Amit Chauhan,6/1/2026,9:04,18:15
121,Amit Chauhan,6/2/2026,8:58,18:07
121,Amit Chauhan,6/3/2026,9:05,17:59
121,Amit Chauhan,6/4/2026,9:03,17:48
121,Amit Chauhan,6/5/2026,9:03,18:02
121,Amit Chauhan,6/8/2026,9:03,17:46
121,Amit Chauhan,6/9/2026,9:01,18:15
121,Amit Chauhan,6/10/2026,9:05,17:47
121,Amit Chauhan,6/11/2026,8:58,17:46
121,Amit Chauhan,6/12/2026,9:01,17:49
121,Amit Chauhan,6/15/2026,9:01,17:47
121,Amit Chauhan,6/16/2026,9:01,18:03
121,Amit Chauhan,6/17/2026,9:01,17:55
121,Amit Chauhan,6/18/2026,8:58,17:53
121,Amit Chauhan,6/19/2026,9:00,17:49
121,Amit Chauhan,6/22/2026,9:00,17:48
121,Amit Chauhan,6/23/2026,8:58,17:49
121,Amit Chauhan,6/24/2026,9:01,18:03
121,Amit Chauhan,6/25/2026,9:00,17:53
121,Amit Chauhan,6/26/2026,9:04,18:01
121,Amit Chauhan,6/29/2026,8:59,18:00
121,Amit Chauhan,6/30/2026,9:03,18:01
122,Neha Desai,6/1/2026,9:24,18:01
122,Neha Desai,6/2/2026,9:29,17:46
122,Neha Desai,6/3/2026,9:31,18:01
122,Neha Desai,6/4/2026,9:30,18:15
122,Neha Desai,6/8/2026,9:22,17:58
122,Neha Desai,6/9/2026,9:25,18:07
122,Neha Desai,6/10/2026,9:12,18:13
122,Neha Desai,6/12/2026,9:12,17:49
122,Neha Desai,6/15/2026,9:30,18:03
122,Neha Desai,6/16/2026,9:20,17:57
122,Neha Desai,6/17/2026,9:26,17:54
122,Neha Desai,6/18/2026,9:29,17:58
122,Neha Desai,6/22/2026,9:30,18:05
122,Neha Desai,6/23/2026,9:27,18:08
122,Neha Desai,6/24/2026,9:23,17:59
122,Neha Desai,6/25/2026,9:23,17:55
122,Neha Desai,6/26/2026,9:22,17:58
122,Neha Desai,6/29/2026,9:20,17:58
122,Neha Desai,6/30/2026,9:18,17:56
123,Rajesh Nambiar,6/1/2026,9:15,17:47
123,Rajesh Nambiar,6/2/2026,9:02,17:47
123,Rajesh Nambiar,6/3/2026,9:11,18:10
123,Rajesh Nambiar,6/4/2026,9:01,18:03
123,Rajesh Nambiar,6/5/2026,9:10,18:06
123,Rajesh Nambiar,6/8/2026,9:11,18:12
123,Rajesh Nambiar,6/9/2026,9:13,18:12
123,Rajesh Nambiar,6/10/2026,9:01,18:15
123,Rajesh Nambiar,6/11/2026,9:09,17:56
123,Rajesh Nambiar,6/12/2026,9:06,17:49
123,Rajesh Nambiar,6/15/2026,9:07,18:12
123,Rajesh Nambiar,6/16/2026,9:11,17:48
123,Rajesh Nambiar,6/17/2026,9:07,18:10
123,Rajesh Nambiar,6/18/2026,9:00,18:04
123,Rajesh Nambiar,6/19/2026,9:08,17:45
123,Rajesh Nambiar,6/22/2026,9:09,18:14
123,Rajesh Nambiar,6/23/2026,9:00,17:50
123,Rajesh Nambiar,6/24/2026,9:12,17:47
123,Rajesh Nambiar,6/25/2026,9:00,17:47
123,Rajesh Nambiar,6/26/2026,9:06,17:57
123,Rajesh Nambiar,6/29/2026,9:10,17:50
123,Rajesh Nambiar,6/30/2026,9:10,18:09
124,Lakshmi Subramaniam,6/1/2026,9:02,18:13
124,Lakshmi Subramaniam,6/3/2026,9:01,18:06
124,Lakshmi Subramaniam,6/4/2026,9:14,18:06
124,Lakshmi Subramaniam,6/5/2026,9:14,17:58
124,Lakshmi Subramaniam,6/8/2026,9:03,17:56
124,Lakshmi Subramaniam,6/9/2026,9:09,18:06
124,Lakshmi Subramaniam,6/10/2026,9:15,18:01
124,Lakshmi Subramaniam,6/11/2026,9:01,17:52
124,Lakshmi Subramaniam,6/12/2026,9:01,17:45
124,Lakshmi Subramaniam,6/15/2026,9:06,18:09
124,Lakshmi Subramaniam,6/16/2026,9:08,17:54
124,Lakshmi Subramaniam,6/17/2026,9:00,18:00
124,Lakshmi Subramaniam,6/18/2026,9:05,17:49
124,Lakshmi Subramaniam,6/19/2026,9:07,18:01
124,Lakshmi Subramaniam,6/22/2026,9:11,17:47
124,Lakshmi Subramaniam,6/23/2026,9:01,17:58
124,Lakshmi Subramaniam,6/25/2026,9:10,18:03
124,Lakshmi Subramaniam,6/26/2026,9:12,18:07
124,Lakshmi Subramaniam,6/29/2026,9:09,17:48
124,Lakshmi Subramaniam,6/30/2026,9:10,17:50
125,Gaurav Pandey,6/1/2026,9:14,18:11
125,Gaurav Pandey,6/2/2026,9:11,17:47
125,Gaurav Pandey,6/3/2026,9:03,17:52
125,Gaurav Pandey,6/4/2026,9:12,18:01
125,Gaurav Pandey,6/8/2026,9:10,17:52
125,Gaurav Pandey,6/9/2026,9:05,17:47
125,Gaurav Pandey,6/10/2026,9:03,18:01
125,Gaurav Pandey,6/11/2026,9:11,17:56
125,Gaurav Pandey,6/12/2026,9:04,17:52
125,Gaurav Pandey,6/15/2026,9:08,17:51
125,Gaurav Pandey,6/16/2026,9:04,18:09
125,Gaurav Pandey,6/17/2026,9:02,17:50
125,Gaurav Pandey,6/18/2026,9:15,17:59
125,Gaurav Pandey,6/19/2026,9:14,18:06
125,Gaurav Pandey,6/22/2026,9:10,18:12
125,Gaurav Pandey,6/23/2026,9:10,17:49
125,Gaurav Pandey,6/24/2026,9:15,17:59
125,Gaurav Pandey,6/25/2026,9:08,18:03
125,Gaurav Pandey,6/29/2026,9:09,17:59
125,Gaurav Pandey,6/30/2026,9:01,17:56
126,Tanvi Kulkarni,6/1/2026,9:02,18:05
126,Tanvi Kulkarni,6/2/2026,9:02,18:04
126,Tanvi Kulkarni,6/3/2026,9:12,17:59
126,Tanvi Kulkarni,6/4/2026,9:01,17:59
126,Tanvi Kulkarni,6/5/2026,9:06,17:55
126,Tanvi Kulkarni,6/8/2026,9:04,18:15
126,Tanvi Kulkarni,6/10/2026,9:10,18:07
126,Tanvi Kulkarni,6/11/2026,9:05,17:46
126,Tanvi Kulkarni,6/12/2026,9:14,17:59
126,Tanvi Kulkarni,6/15/2026,9:05,17:56
126,Tanvi Kulkarni,6/16/2026,9:09,17:57
126,Tanvi Kulkarni,6/17/2026,9:10,18:06
126,Tanvi Kulkarni,6/18/2026,9:10,17:47
126,Tanvi Kulkarni,6/19/2026,9:12,17:54
126,Tanvi Kulkarni,6/22/2026,9:04,17:55
126,Tanvi Kulkarni,6/23/2026,9:04,18:14
126,Tanvi Kulkarni,6/24/2026,9:12,17:49
126,Tanvi Kulkarni,6/25/2026,9:02,17:54
126,Tanvi Kulkarni,6/26/2026,9:10,18:11
126,Tanvi Kulkarni,6/29/2026,9:02,18:05
126,Tanvi Kulkarni,6/30/2026,9:11,17:45
127,Vivek Srivastava,6/4/2026,9:20,17:51
127,Vivek Srivastava,6/10/2026,9:08,18:01
127,Vivek Srivastava,6/11/2026,9:21,17:46
127,Vivek Srivastava,6/12/2026,9:24,17:49
127,Vivek Srivastava,6/15/2026,9:09,17:50
127,Vivek Srivastava,6/17/2026,9:24,18:10
127,Vivek Srivastava,6/18/2026,9:19,17:46
127,Vivek Srivastava,6/22/2026,9:12,17:59
127,Vivek Srivastava,6/23/2026,9:19,17:52
127,Vivek Srivastava,6/24/2026,9:14,18:15
127,Vivek Srivastava,6/25/2026,9:20,18:13
127,Vivek Srivastava,6/26/2026,9:16,18:06
127,Vivek Srivastava,6/29/2026,9:19,17:59
127,Vivek Srivastava,6/30/2026,9:17,18:01
128,Ishaan Khanna,6/1/2026,9:05,18:11
128,Ishaan Khanna,6/2/2026,9:04,18:12
128,Ishaan Khanna,6/3/2026,9:15,18:12
128,Ishaan Khanna,6/4/2026,9:03,18:07
128,Ishaan Khanna,6/5/2026,9:03,17:54
128,Ishaan Khanna,6/8/2026,9:05,17:53
128,Ishaan Khanna,6/9/2026,9:04,18:11
128,Ishaan Khanna,6/10/2026,9:07,18:11
128,Ishaan Khanna,6/11/2026,9:11,18:14
128,Ishaan Khanna,6/16/2026,9:07,17:57
128,Ishaan Khanna,6/17/2026,9:11,17:52
128,Ishaan Khanna,6/19/2026,9:10,18:10
128,Ishaan Khanna,6/22/2026,9:01,17:54
128,Ishaan Khanna,6/23/2026,9:15,18:07
128,Ishaan Khanna,6/24/2026,9:15,17:59
128,Ishaan Khanna,6/25/2026,9:02,17:45
128,Ishaan Khanna,6/26/2026,9:04,18:02
128,Ishaan Khanna,6/29/2026,9:13,17:48
128,Ishaan Khanna,6/30/2026,9:07,17:54
129,Shruti Agarwal,6/1/2026,9:07,17:58
129,Shruti Agarwal,6/2/2026,9:14,17:47
129,Shruti Agarwal,6/3/2026,9:15,18:04
129,Shruti Agarwal,6/4/2026,9:07,18:07
129,Shruti Agarwal,6/5/2026,9:13,17:45
129,Shruti Agarwal,6/8/2026,9:07,18:03
129,Shruti Agarwal,6/9/2026,9:02,18:01
129,Shruti Agarwal,6/10/2026,9:02,18:15
129,Shruti Agarwal,6/11/2026,9:00,17:57
129,Shruti Agarwal,6/12/2026,9:01,18:05
129,Shruti Agarwal,6/15/2026,9:11,17:53
129,Shruti Agarwal,6/16/2026,9:11,18:10
129,Shruti Agarwal,6/18/2026,9:03,18:09
129,Shruti Agarwal,6/19/2026,9:10,17:49
129,Shruti Agarwal,6/23/2026,9:05,18:11
129,Shruti Agarwal,6/24/2026,9:14,18:07
129,Shruti Agarwal,6/25/2026,9:05,18:10
129,Shruti Agarwal,6/26/2026,9:14,17:46
129,Shruti Agarwal,6/29/2026,9:01,18:10
129,Shruti Agarwal,6/30/2026,9:01,17:55
130,Mohit Bhatt,6/1/2026,9:12,18:11
130,Mohit Bhatt,6/2/2026,9:08,17:46
130,Mohit Bhatt,6/3/2026,9:06,17:54
130,Mohit Bhatt,6/4/2026,9:01,18:12
130,Mohit Bhatt,6/5/2026,9:08,17:48
130,Mohit Bhatt,6/8/2026,9:13,18:13
130,Mohit Bhatt,6/9/2026,9:14,18:13
130,Mohit Bhatt,6/10/2026,9:10,17:50
130,Mohit Bhatt,6/11/2026,9:15,17:56
130,Mohit Bhatt,6/12/2026,9:08,18:10
130,Mohit Bhatt,6/15/2026,9:13,17:47
130,Mohit Bhatt,6/16/2026,9:05,18:02
130,Mohit Bhatt,6/17/2026,9:03,17:47
130,Mohit Bhatt,6/18/2026,9:09,17:54
130,Mohit Bhatt,6/19/2026,9:13,17:50
130,Mohit Bhatt,6/22/2026,9:11,17:59
130,Mohit Bhatt,6/24/2026,9:11,18:04
130,Mohit Bhatt,6/25/2026,9:08,18:05
130,Mohit Bhatt,6/26/2026,9:01,17:47
130,Mohit Bhatt,6/29/2026,9:12,17:56
130,Mohit Bhatt,6/30/2026,9:05,18:15
131,Pallavi Rao,6/1/2026,9:05,17:46
131,Pallavi Rao,6/2/2026,9:01,18:09
131,Pallavi Rao,6/3/2026,9:03,17:57
131,Pallavi Rao,6/4/2026,8:58,18:04
131,Pallavi Rao,6/5/2026,9:05,18:15
131,Pallavi Rao,6/8/2026,9:05,18:09
131,Pallavi Rao,6/9/2026,9:00,18:01
131,Pallavi Rao,6/10/2026,9:03,18:05
131,Pallavi Rao,6/11/2026,8:59,17:45
131,Pallavi Rao,6/12/2026,9:05,18:01
131,Pallavi Rao,6/15/2026,8:59,17:53
131,Pallavi Rao,6/16/2026,9:05,17:51
131,Pallavi Rao,6/17/2026,9:02,18:07
131,Pallavi Rao,6/18/2026,9:05,17:51
131,Pallavi Rao,6/19/2026,8:59,17:59
131,Pallavi Rao,6/22/2026,9:05,17:47
131,Pallavi Rao,6/23/2026,9:03,18:06
131,Pallavi Rao,6/24/2026,8:59,18:02
131,Pallavi Rao,6/25/2026,9:02,18:12
131,Pallavi Rao,6/26/2026,9:00,18:10
131,Pallavi Rao,6/29/2026,9:01,17:48
131,Pallavi Rao,6/30/2026,9:00,17:52
132,Nikhil Sharma,6/1/2026,9:00,17:56
132,Nikhil Sharma,6/2/2026,9:11,17:59
132,Nikhil Sharma,6/3/2026,9:04,18:04
132,Nikhil Sharma,6/4/2026,9:02,17:54
132,Nikhil Sharma,6/5/2026,9:15,18:01
132,Nikhil Sharma,6/8/2026,9:13,18:11
132,Nikhil Sharma,6/9/2026,9:04,17:55
132,Nikhil Sharma,6/10/2026,9:14,17:59
132,Nikhil Sharma,6/11/2026,9:11,17:49
132,Nikhil Sharma,6/12/2026,9:05,18:09
132,Nikhil Sharma,6/15/2026,9:13,18:01
132,Nikhil Sharma,6/16/2026,9:01,18:11
132,Nikhil Sharma,6/17/2026,9:04,17:54
132,Nikhil Sharma,6/18/2026,9:10,18:14
132,Nikhil Sharma,6/19/2026,9:11,18:15
132,Nikhil Sharma,6/22/2026,9:09,18:12
132,Nikhil Sharma,6/24/2026,9:08,17:49
132,Nikhil Sharma,6/25/2026,9:02,18:01
132,Nikhil Sharma,6/26/2026,9:04,17:50
132,Nikhil Sharma,6/29/2026,9:10,18:11
132,Nikhil Sharma,6/30/2026,9:01,18:11
133,Swati Jain,6/1/2026,9:12,17:46
133,Swati Jain,6/2/2026,9:34,18:03
133,Swati Jain,6/3/2026,9:16,18:09
133,Swati Jain,6/4/2026,9:29,18:05
133,Swati Jain,6/8/2026,9:27,17:54
133,Swati Jain,6/9/2026,9:19,18:00
133,Swati Jain,6/10/2026,9:35,18:06
133,Swati Jain,6/11/2026,9:24,17:47
133,Swati Jain,6/12/2026,9:15,17:59
133,Swati Jain,6/15/2026,9:24,17:51
133,Swati Jain,6/16/2026,9:14,17:55
133,Swati Jain,6/17/2026,9:20,18:08
133,Swati Jain,6/18/2026,9:21,17:57
133,Swati Jain,6/19/2026,9:21,18:01
133,Swati Jain,6/22/2026,9:20,17:52
133,Swati Jain,6/23/2026,9:18,17:59
133,Swati Jain,6/24/2026,9:13,17:46
133,Swati Jain,6/25/2026,9:22,18:12
133,Swati Jain,6/26/2026,9:17,18:15
133,Swati Jain,6/29/2026,9:15,18:11
133,Swati Jain,6/30/2026,9:28,18:08
134,Suresh Nair,6/1/2026,9:29,17:50
134,Suresh Nair,6/2/2026,9:21,17:59
134,Suresh Nair,6/3/2026,9:14,18:00
134,Suresh Nair,6/5/2026,9:21,17:59
134,Suresh Nair,6/8/2026,9:11,18:03
134,Suresh Nair,6/9/2026,9:06,17:54
134,Suresh Nair,6/10/2026,9:25,18:06
134,Suresh Nair,6/11/2026,9:22,17:45
134,Suresh Nair,6/12/2026,9:18,17:49
134,Suresh Nair,6/15/2026,9:28,17:56
134,Suresh Nair,6/16/2026,9:16,17:46
134,Suresh Nair,6/17/2026,9:23,18:02
134,Suresh Nair,6/19/2026,9:07,17:57
134,Suresh Nair,6/22/2026,9:29,18:02
134,Suresh Nair,6/23/2026,9:24,18:06
134,Suresh Nair,6/24/2026,9:09,17:48
134,Suresh Nair,6/25/2026,9:30,17:55
134,Suresh Nair,6/26/2026,9:16,18:09
134,Suresh Nair,6/30/2026,9:17,18:01
135,Bhavna Patel,6/3/2026,9:15,18:01
135,Bhavna Patel,6/4/2026,9:04,17:55
135,Bhavna Patel,6/5/2026,9:10,17:50
135,Bhavna Patel,6/8/2026,9:09,18:03
135,Bhavna Patel,6/9/2026,9:15,18:07
135,Bhavna Patel,6/10/2026,9:15,18:11
135,Bhavna Patel,6/12/2026,9:03,17:58
135,Bhavna Patel,6/15/2026,9:00,18:04
135,Bhavna Patel,6/16/2026,9:07,18:08
135,Bhavna Patel,6/18/2026,9:12,17:49
135,Bhavna Patel,6/19/2026,9:07,17:46
135,Bhavna Patel,6/22/2026,9:03,17:51
135,Bhavna Patel,6/24/2026,9:04,17:58
135,Bhavna Patel,6/25/2026,9:13,18:01
135,Bhavna Patel,6/26/2026,9:15,18:12
135,Bhavna Patel,6/29/2026,9:01,18:07
135,Bhavna Patel,6/30/2026,9:06,18:02
136,Harish Menon,6/1/2026,9:15,18:01
136,Harish Menon,6/2/2026,9:05,17:59
136,Harish Menon,6/3/2026,9:10,18:02
136,Harish Menon,6/4/2026,9:08,18:04
136,Harish Menon,6/5/2026,9:07,17:53
136,Harish Menon,6/8/2026,9:07,18:15
136,Harish Menon,6/9/2026,9:09,18:09
136,Harish Menon,6/10/2026,9:06,18:07
136,Harish Menon,6/11/2026,9:10,18:00
136,Harish Menon,6/12/2026,9:08,17:54
136,Harish Menon,6/15/2026,9:12,18:13
136,Harish Menon,6/16/2026,9:11,18:15
136,Harish Menon,6/17/2026,9:04,17:54
136,Harish Menon,6/19/2026,9:02,17:56
136,Harish Menon,6/22/2026,9:08,18:08
136,Harish Menon,6/23/2026,9:06,18:11
136,Harish Menon,6/24/2026,9:08,17:49
136,Harish Menon,6/25/2026,9:07,17:52
136,Harish Menon,6/29/2026,9:07,18:05
136,Harish Menon,6/30/2026,9:03,17:58
137,Rekha Singh,6/1/2026,9:15,17:48
137,Rekha Singh,6/2/2026,9:04,17:45
137,Rekha Singh,6/3/2026,9:05,17:58
137,Rekha Singh,6/4/2026,9:15,18:00
137,Rekha Singh,6/5/2026,9:09,17:55
137,Rekha Singh,6/8/2026,9:01,18:14
137,Rekha Singh,6/9/2026,9:07,18:02
137,Rekha Singh,6/10/2026,9:01,18:14
137,Rekha Singh,6/11/2026,9:13,18:13
137,Rekha Singh,6/12/2026,9:01,18:11
137,Rekha Singh,6/15/2026,9:15,17:50
137,Rekha Singh,6/16/2026,9:09,18:13
137,Rekha Singh,6/18/2026,9:03,18:14
137,Rekha Singh,6/19/2026,9:09,17:59
137,Rekha Singh,6/22/2026,9:15,18:13
137,Rekha Singh,6/23/2026,9:14,17:53
137,Rekha Singh,6/24/2026,9:03,17:55
137,Rekha Singh,6/25/2026,9:14,18:05
137,Rekha Singh,6/26/2026,9:05,17:45
137,Rekha Singh,6/29/2026,9:09,18:03
137,Rekha Singh,6/30/2026,9:06,17:50
138,Varun Saxena,6/1/2026,9:12,18:11
138,Varun Saxena,6/2/2026,9:10,17:47
138,Varun Saxena,6/3/2026,9:03,17:50
138,Varun Saxena,6/4/2026,9:15,17:55
138,Varun Saxena,6/5/2026,9:00,17:53
138,Varun Saxena,6/8/2026,9:14,18:09
138,Varun Saxena,6/9/2026,9:10,17:54
138,Varun Saxena,6/10/2026,9:00,17:53
138,Varun Saxena,6/11/2026,9:07,17:46
138,Varun Saxena,6/12/2026,9:14,17:54
138,Varun Saxena,6/15/2026,9:09,18:07
138,Varun Saxena,6/16/2026,9:09,17:56
138,Varun Saxena,6/17/2026,9:07,18:15
138,Varun Saxena,6/18/2026,9:04,17:59
138,Varun Saxena,6/19/2026,9:11,17:58
138,Varun Saxena,6/22/2026,9:15,18:09
138,Varun Saxena,6/23/2026,9:06,18:09
138,Varun Saxena,6/24/2026,9:02,18:01
138,Varun Saxena,6/25/2026,9:11,17:47
138,Varun Saxena,6/26/2026,9:03,17:46
138,Varun Saxena,6/29/2026,9:06,18:03
138,Varun Saxena,6/30/2026,9:05,17:55
139,Chitra Krishnan,6/1/2026,9:19,17:48
139,Chitra Krishnan,6/2/2026,9:23,18:00
139,Chitra Krishnan,6/4/2026,9:06,17:59
139,Chitra Krishnan,6/9/2026,9:22,17:59
139,Chitra Krishnan,6/10/2026,9:14,18:08
139,Chitra Krishnan,6/19/2026,9:22,17:46
139,Chitra Krishnan,6/22/2026,9:07,18:14
139,Chitra Krishnan,6/23/2026,9:14,17:58
139,Chitra Krishnan,6/26/2026,9:25,18:15
139,Chitra Krishnan,6/30/2026,9:17,17:59
140,Prakash Dubey,6/1/2026,9:12,17:57
140,Prakash Dubey,6/2/2026,9:04,18:05
140,Prakash Dubey,6/3/2026,9:03,17:50
140,Prakash Dubey,6/4/2026,9:12,18:01
140,Prakash Dubey,6/5/2026,9:07,18:11
140,Prakash Dubey,6/10/2026,9:13,18:02
140,Prakash Dubey,6/11/2026,9:07,17:52
140,Prakash Dubey,6/12/2026,9:04,17:53
140,Prakash Dubey,6/15/2026,9:03,17:46
140,Prakash Dubey,6/16/2026,9:13,18:04
140,Prakash Dubey,6/17/2026,9:00,17:52
140,Prakash Dubey,6/18/2026,9:03,18:04
140,Prakash Dubey,6/22/2026,9:01,17:52
140,Prakash Dubey,6/23/2026,9:12,17:59
140,Prakash Dubey,6/24/2026,9:06,18:09
140,Prakash Dubey,6/25/2026,9:01,17:49
140,Prakash Dubey,6/26/2026,9:09,17:52
140,Prakash Dubey,6/29/2026,9:10,18:03
140,Prakash Dubey,6/30/2026,9:10,17:52
141,Anjali Mishra,6/1/2026,9:14,18:06
141,Anjali Mishra,6/2/2026,9:23,17:54
141,Anjali Mishra,6/3/2026,9:27,18:15
141,Anjali Mishra,6/4/2026,9:33,18:14
141,Anjali Mishra,6/5/2026,9:31,17:58
141,Anjali Mishra,6/8/2026,9:11,17:56
141,Anjali Mishra,6/9/2026,9:31,17:57
141,Anjali Mishra,6/10/2026,9:20,18:07
141,Anjali Mishra,6/11/2026,9:14,17:54
141,Anjali Mishra,6/12/2026,9:34,18:02
141,Anjali Mishra,6/15/2026,9:17,17:54
141,Anjali Mishra,6/16/2026,9:14,18:10
141,Anjali Mishra,6/17/2026,9:11,18:02
141,Anjali Mishra,6/18/2026,9:23,18:02
141,Anjali Mishra,6/19/2026,9:22,17:52
141,Anjali Mishra,6/22/2026,9:20,18:05
141,Anjali Mishra,6/24/2026,9:21,17:47
141,Anjali Mishra,6/25/2026,9:16,17:46
141,Anjali Mishra,6/26/2026,9:31,18:04
141,Anjali Mishra,6/29/2026,9:12,17:51
141,Anjali Mishra,6/30/2026,9:28,18:08
142,Ravi Shankar,6/1/2026,9:06,18:00
142,Ravi Shankar,6/2/2026,9:10,17:54
142,Ravi Shankar,6/3/2026,9:00,17:51
142,Ravi Shankar,6/4/2026,9:03,18:08
142,Ravi Shankar,6/5/2026,9:15,18:14
142,Ravi Shankar,6/8/2026,9:06,17:57
142,Ravi Shankar,6/9/2026,9:10,18:09
142,Ravi Shankar,6/10/2026,9:14,18:02
142,Ravi Shankar,6/11/2026,9:09,17:53
142,Ravi Shankar,6/12/2026,9:15,17:59
142,Ravi Shankar,6/15/2026,9:15,18:09
142,Ravi Shankar,6/16/2026,9:06,17:56
142,Ravi Shankar,6/17/2026,9:01,18:03
142,Ravi Shankar,6/18/2026,9:04,17:45
142,Ravi Shankar,6/19/2026,9:13,17:54
142,Ravi Shankar,6/22/2026,9:10,17:52
142,Ravi Shankar,6/23/2026,9:07,18:00
142,Ravi Shankar,6/24/2026,9:10,17:53
142,Ravi Shankar,6/25/2026,9:15,18:15
142,Ravi Shankar,6/26/2026,9:15,17:59
142,Ravi Shankar,6/29/2026,9:11,17:50
142,Ravi Shankar,6/30/2026,9:15,17:50
143,Preeti Ahuja,6/1/2026,9:01,18:01
143,Preeti Ahuja,6/3/2026,9:01,18:09
143,Preeti Ahuja,6/5/2026,9:07,17:47
143,Preeti Ahuja,6/8/2026,9:00,17:51
143,Preeti Ahuja,6/9/2026,9:11,17:46
143,Preeti Ahuja,6/10/2026,9:15,18:06
143,Preeti Ahuja,6/11/2026,9:00,18:02
143,Preeti Ahuja,6/12/2026,9:00,17:45
143,Preeti Ahuja,6/15/2026,9:08,18:02
143,Preeti Ahuja,6/16/2026,9:00,18:01
143,Preeti Ahuja,6/17/2026,9:13,18:10
143,Preeti Ahuja,6/18/2026,9:05,17:48
143,Preeti Ahuja,6/19/2026,9:04,17:52
143,Preeti Ahuja,6/22/2026,9:08,18:11
143,Preeti Ahuja,6/23/2026,9:12,17:47
143,Preeti Ahuja,6/24/2026,9:12,17:59
143,Preeti Ahuja,6/25/2026,9:07,17:54
143,Preeti Ahuja,6/26/2026,9:02,18:05
143,Preeti Ahuja,6/29/2026,9:01,17:47
143,Preeti Ahuja,6/30/2026,9:12,18:02
144,Santosh Kumar,6/1/2026,9:00,18:07
144,Santosh Kumar,6/2/2026,9:15,18:12
144,Santosh Kumar,6/3/2026,9:10,18:03
144,Santosh Kumar,6/4/2026,9:03,18:13
144,Santosh Kumar,6/5/2026,9:01,17:52
144,Santosh Kumar,6/8/2026,9:15,17:53
144,Santosh Kumar,6/11/2026,9:01,17:50
144,Santosh Kumar,6/12/2026,9:10,17:45
144,Santosh Kumar,6/15/2026,9:04,18:09
144,Santosh Kumar,6/16/2026,9:12,18:14
144,Santosh Kumar,6/18/2026,9:07,18:03
144,Santosh Kumar,6/19/2026,9:12,18:06
144,Santosh Kumar,6/22/2026,9:10,17:57
144,Santosh Kumar,6/23/2026,9:04,18:10
144,Santosh Kumar,6/24/2026,9:02,18:01
144,Santosh Kumar,6/25/2026,9:11,17:46
144,Santosh Kumar,6/26/2026,9:07,18:11
144,Santosh Kumar,6/30/2026,9:12,18:09
145,Geeta Nair,6/1/2026,9:08,18:10
145,Geeta Nair,6/2/2026,9:15,17:52
145,Geeta Nair,6/3/2026,9:12,17:58
145,Geeta Nair,6/4/2026,9:12,17:47
145,Geeta Nair,6/5/2026,9:09,18:10
145,Geeta Nair,6/8/2026,9:02,17:47
145,Geeta Nair,6/9/2026,9:12,18:07
145,Geeta Nair,6/10/2026,9:04,18:08
145,Geeta Nair,6/11/2026,9:11,17:48
145,Geeta Nair,6/12/2026,9:09,17:59
145,Geeta Nair,6/15/2026,9:08,17:48
145,Geeta Nair,6/16/2026,9:05,17:58
145,Geeta Nair,6/17/2026,9:13,17:48
145,Geeta Nair,6/19/2026,9:02,18:04
145,Geeta Nair,6/22/2026,9:10,18:12
145,Geeta Nair,6/23/2026,9:09,17:58
145,Geeta Nair,6/24/2026,9:02,18:08
145,Geeta Nair,6/25/2026,9:07,18:03
145,Geeta Nair,6/26/2026,9:12,17:50
145,Geeta Nair,6/29/2026,9:09,17:53
145,Geeta Nair,6/30/2026,9:02,17:50
146,Manoj Trivedi,6/1/2026,9:13,17:54
146,Manoj Trivedi,6/2/2026,9:02,17:56
146,Manoj Trivedi,6/3/2026,9:07,18:08
146,Manoj Trivedi,6/4/2026,9:06,17:59
146,Manoj Trivedi,6/5/2026,9:09,17:45
146,Manoj Trivedi,6/8/2026,9:10,18:11
146,Manoj Trivedi,6/9/2026,9:10,17:59
146,Manoj Trivedi,6/10/2026,9:04,17:54
146,Manoj Trivedi,6/11/2026,9:06,18:00
146,Manoj Trivedi,6/12/2026,9:12,18:15
146,Manoj Trivedi,6/15/2026,9:15,18:15
146,Manoj Trivedi,6/16/2026,9:07,17:55
146,Manoj Trivedi,6/17/2026,9:12,17:56
146,Manoj Trivedi,6/18/2026,9:06,18:03
146,Manoj Trivedi,6/19/2026,9:05,18:06
146,Manoj Trivedi,6/22/2026,9:00,18:15
146,Manoj Trivedi,6/23/2026,9:06,17:59
146,Manoj Trivedi,6/24/2026,9:02,18:11
146,Manoj Trivedi,6/25/2026,9:13,18:06
146,Manoj Trivedi,6/26/2026,9:09,17:52
146,Manoj Trivedi,6/29/2026,9:04,18:07
146,Manoj Trivedi,6/30/2026,9:12,17:47
147,Sundar Rajan,6/1/2026,9:05,18:03
147,Sundar Rajan,6/2/2026,9:04,18:02
147,Sundar Rajan,6/3/2026,9:03,18:07
147,Sundar Rajan,6/4/2026,8:59,17:48
147,Sundar Rajan,6/5/2026,9:03,17:50
147,Sundar Rajan,6/8/2026,8:58,18:03
147,Sundar Rajan,6/9/2026,9:04,18:15
147,Sundar Rajan,6/10/2026,9:04,17:48
147,Sundar Rajan,6/11/2026,9:02,17:52
147,Sundar Rajan,6/12/2026,9:01,17:59
147,Sundar Rajan,6/15/2026,9:05,18:09
147,Sundar Rajan,6/16/2026,9:00,17:56
147,Sundar Rajan,6/17/2026,9:05,17:48
147,Sundar Rajan,6/18/2026,8:59,17:48
147,Sundar Rajan,6/19/2026,9:00,17:56
147,Sundar Rajan,6/22/2026,9:05,18:10
147,Sundar Rajan,6/23/2026,9:05,17:56
147,Sundar Rajan,6/24/2026,9:05,18:08
147,Sundar Rajan,6/25/2026,9:03,17:47
147,Sundar Rajan,6/26/2026,8:59,17:45
147,Sundar Rajan,6/29/2026,8:59,18:06
147,Sundar Rajan,6/30/2026,9:01,18:01
148,Usha Pillai,6/3/2026,9:19,17:52
148,Usha Pillai,6/4/2026,9:25,17:50
148,Usha Pillai,6/8/2026,9:17,17:45
148,Usha Pillai,6/9/2026,9:11,17:59
148,Usha Pillai,6/10/2026,9:17,17:45
148,Usha Pillai,6/11/2026,9:11,17:53
148,Usha Pillai,6/12/2026,9:30,18:10
148,Usha Pillai,6/17/2026,9:10,17:56
148,Usha Pillai,6/18/2026,9:19,17:48
148,Usha Pillai,6/19/2026,9:20,18:01
148,Usha Pillai,6/22/2026,9:15,18:04
148,Usha Pillai,6/23/2026,9:17,18:03
148,Usha Pillai,6/25/2026,9:19,18:04
148,Usha Pillai,6/29/2026,9:30,17:54
148,Usha Pillai,6/30/2026,9:23,17:47
149,Tarun Bajaj,6/1/2026,9:10,17:48
149,Tarun Bajaj,6/2/2026,9:03,17:50
149,Tarun Bajaj,6/3/2026,9:04,18:01
149,Tarun Bajaj,6/4/2026,9:04,18:03
149,Tarun Bajaj,6/5/2026,9:05,18:00
149,Tarun Bajaj,6/8/2026,9:05,18:02
149,Tarun Bajaj,6/9/2026,9:09,17:49
149,Tarun Bajaj,6/10/2026,9:14,18:04
149,Tarun Bajaj,6/12/2026,9:00,18:00
149,Tarun Bajaj,6/15/2026,9:12,18:15
149,Tarun Bajaj,6/16/2026,9:15,17:58
149,Tarun Bajaj,6/17/2026,9:13,18:07
149,Tarun Bajaj,6/18/2026,9:15,17:50
149,Tarun Bajaj,6/19/2026,9:00,18:10
149,Tarun Bajaj,6/22/2026,9:09,17:46
149,Tarun Bajaj,6/23/2026,9:09,17:50
149,Tarun Bajaj,6/24/2026,9:15,18:02
149,Tarun Bajaj,6/25/2026,9:03,17:53
149,Tarun Bajaj,6/26/2026,9:11,18:02
149,Tarun Bajaj,6/29/2026,9:01,18:09
149,Tarun Bajaj,6/30/2026,9:06,17:58
150,Nalini Reddy,6/1/2026,9:30,18:09
150,Nalini Reddy,6/2/2026,9:11,17:59
150,Nalini Reddy,6/3/2026,9:12,17:59
150,Nalini Reddy,6/4/2026,9:13,18:09
150,Nalini Reddy,6/5/2026,9:16,18:10
150,Nalini Reddy,6/8/2026,9:32,17:56
150,Nalini Reddy,6/9/2026,9:29,18:05
150,Nalini Reddy,6/10/2026,9:29,17:49
150,Nalini Reddy,6/11/2026,9:16,18:10
150,Nalini Reddy,6/15/2026,9:18,18:04
150,Nalini Reddy,6/16/2026,9:20,18:07
150,Nalini Reddy,6/17/2026,9:28,17:53
150,Nalini Reddy,6/18/2026,9:26,18:13
150,Nalini Reddy,6/19/2026,9:13,17:49
150,Nalini Reddy,6/22/2026,9:35,17:58
150,Nalini Reddy,6/23/2026,9:18,18:12
150,Nalini Reddy,6/24/2026,9:32,18:12
150,Nalini Reddy,6/25/2026,9:14,18:07
150,Nalini Reddy,6/26/2026,9:17,18:09
150,Nalini Reddy,6/29/2026,9:22,18:00
150,Nalini Reddy,6/30/2026,9:30,17:53
151,Arun Verma,6/1/2026,9:12,17:59
151,Arun Verma,6/3/2026,9:02,17:57
151,Arun Verma,6/4/2026,9:08,18:07
151,Arun Verma,6/5/2026,9:11,17:59
151,Arun Verma,6/8/2026,9:10,18:03
151,Arun Verma,6/10/2026,9:02,18:08
151,Arun Verma,6/11/2026,9:11,18:12
151,Arun Verma,6/15/2026,9:06,18:15
151,Arun Verma,6/16/2026,9:06,18:00
151,Arun Verma,6/17/2026,9:09,17:55
151,Arun Verma,6/18/2026,9:04,18:03
151,Arun Verma,6/19/2026,9:10,18:13
151,Arun Verma,6/22/2026,9:01,17:46
151,Arun Verma,6/23/2026,9:14,17:45
151,Arun Verma,6/24/2026,9:05,17:59
151,Arun Verma,6/25/2026,9:13,17:51
151,Arun Verma,6/26/2026,9:04,18:13
151,Arun Verma,6/29/2026,9:05,18:12
151,Arun Verma,6/30/2026,9:08,17:47
152,Madhuri Joshi,6/1/2026,9:08,17:47
152,Madhuri Joshi,6/2/2026,9:05,17:46
152,Madhuri Joshi,6/3/2026,9:09,18:08
152,Madhuri Joshi,6/4/2026,9:07,17:58
152,Madhuri Joshi,6/5/2026,9:03,17:45
152,Madhuri Joshi,6/8/2026,9:02,17:49
152,Madhuri Joshi,6/9/2026,9:14,17:45
152,Madhuri Joshi,6/11/2026,9:03,18:12
152,Madhuri Joshi,6/12/2026,9:04,18:00
152,Madhuri Joshi,6/16/2026,9:03,17:48
152,Madhuri Joshi,6/17/2026,9:09,17:49
152,Madhuri Joshi,6/18/2026,9:04,18:05
152,Madhuri Joshi,6/19/2026,9:04,17:47
152,Madhuri Joshi,6/22/2026,9:00,18:04
152,Madhuri Joshi,6/23/2026,9:14,17:56
152,Madhuri Joshi,6/24/2026,9:04,18:14
152,Madhuri Joshi,6/25/2026,9:14,18:12
152,Madhuri Joshi,6/26/2026,9:03,17:49
152,Madhuri Joshi,6/29/2026,9:12,17:56
152,Madhuri Joshi,6/30/2026,9:10,18:10
153,Yash Patel,6/2/2026,9:07,17:52
153,Yash Patel,6/3/2026,9:24,18:08
153,Yash Patel,6/4/2026,9:29,18:15
153,Yash Patel,6/5/2026,9:26,18:13
153,Yash Patel,6/8/2026,9:21,18:04
153,Yash Patel,6/9/2026,9:28,17:57
153,Yash Patel,6/10/2026,9:06,18:10
153,Yash Patel,6/11/2026,9:12,18:00
153,Yash Patel,6/12/2026,9:12,18:00
153,Yash Patel,6/15/2026,9:07,18:01
153,Yash Patel,6/16/2026,9:05,17:56
153,Yash Patel,6/17/2026,9:09,17:57
153,Yash Patel,6/18/2026,9:23,17:58
153,Yash Patel,6/19/2026,9:26,17:50
153,Yash Patel,6/22/2026,9:29,17:47
153,Yash Patel,6/25/2026,9:06,18:14
153,Yash Patel,6/29/2026,9:21,17:54
153,Yash Patel,6/30/2026,9:21,18:09
154,Sonal Mehta,6/1/2026,9:12,17:47
154,Sonal Mehta,6/2/2026,9:04,17:53
154,Sonal Mehta,6/3/2026,9:02,18:01
154,Sonal Mehta,6/4/2026,9:04,18:02
154,Sonal Mehta,6/5/2026,9:02,17:54
154,Sonal Mehta,6/8/2026,9:07,17:46
154,Sonal Mehta,6/9/2026,9:13,17:48
154,Sonal Mehta,6/10/2026,9:01,17:54
154,Sonal Mehta,6/11/2026,9:05,17:48
154,Sonal Mehta,6/15/2026,9:00,17:50
154,Sonal Mehta,6/16/2026,9:11,18:01
154,Sonal Mehta,6/17/2026,9:08,17:50
154,Sonal Mehta,6/18/2026,9:08,18:08
154,Sonal Mehta,6/19/2026,9:00,17:55
154,Sonal Mehta,6/22/2026,9:08,18:01
154,Sonal Mehta,6/24/2026,9:02,18:00
154,Sonal Mehta,6/25/2026,9:11,17:46
154,Sonal Mehta,6/26/2026,9:05,17:56
154,Sonal Mehta,6/29/2026,9:03,18:13
154,Sonal Mehta,6/30/2026,9:03,17:52
155,Ranjit Sinha,6/1/2026,9:05,17:46
155,Ranjit Sinha,6/2/2026,9:05,17:52
155,Ranjit Sinha,6/5/2026,9:10,18:14
155,Ranjit Sinha,6/8/2026,9:06,18:02
155,Ranjit Sinha,6/9/2026,9:25,17:58
155,Ranjit Sinha,6/12/2026,9:15,17:53
155,Ranjit Sinha,6/15/2026,9:23,17:56
155,Ranjit Sinha,6/17/2026,9:06,17:50
155,Ranjit Sinha,6/19/2026,9:06,18:15
155,Ranjit Sinha,6/23/2026,9:14,18:09
155,Ranjit Sinha,6/24/2026,9:15,17:47
155,Ranjit Sinha,6/25/2026,9:05,17:56
155,Ranjit Sinha,6/29/2026,9:14,18:08
155,Ranjit Sinha,6/30/2026,9:19,17:56
156,Anita Ghosh,6/1/2026,9:15,18:09
156,Anita Ghosh,6/2/2026,9:07,17:49
156,Anita Ghosh,6/4/2026,9:07,18:02
156,Anita Ghosh,6/5/2026,9:00,18:15
156,Anita Ghosh,6/8/2026,9:12,18:12
156,Anita Ghosh,6/9/2026,9:09,17:48
156,Anita Ghosh,6/10/2026,9:07,17:58
156,Anita Ghosh,6/11/2026,9:01,17:49
156,Anita Ghosh,6/12/2026,9:02,17:46
156,Anita Ghosh,6/15/2026,9:13,18:07
156,Anita Ghosh,6/16/2026,9:14,18:08
156,Anita Ghosh,6/17/2026,9:03,18:01
156,Anita Ghosh,6/18/2026,9:12,17:47
156,Anita Ghosh,6/19/2026,9:01,17:58
156,Anita Ghosh,6/22/2026,9:04,17:52
156,Anita Ghosh,6/23/2026,9:10,18:14
156,Anita Ghosh,6/24/2026,9:10,17:55
156,Anita Ghosh,6/25/2026,9:07,17:47
156,Anita Ghosh,6/26/2026,9:04,18:09
156,Anita Ghosh,6/29/2026,9:03,17:49
156,Anita Ghosh,6/30/2026,9:14,17:59
157,Vishal Thakur,6/1/2026,9:03,18:02
157,Vishal Thakur,6/2/2026,9:06,17:59
157,Vishal Thakur,6/3/2026,9:08,18:12
157,Vishal Thakur,6/4/2026,9:05,18:10
157,Vishal Thakur,6/5/2026,9:01,17:51
157,Vishal Thakur,6/8/2026,9:10,17:49
157,Vishal Thakur,6/9/2026,9:07,18:15
157,Vishal Thakur,6/10/2026,9:01,18:06
157,Vishal Thakur,6/11/2026,9:05,17:45
157,Vishal Thakur,6/12/2026,9:14,18:02
157,Vishal Thakur,6/15/2026,9:07,17:48
157,Vishal Thakur,6/16/2026,9:04,17:48
157,Vishal Thakur,6/18/2026,9:07,17:49
157,Vishal Thakur,6/19/2026,9:12,17:56
157,Vishal Thakur,6/22/2026,9:02,18:03
157,Vishal Thakur,6/23/2026,9:02,17:45
157,Vishal Thakur,6/24/2026,9:06,18:13
157,Vishal Thakur,6/25/2026,9:04,17:47
157,Vishal Thakur,6/26/2026,9:10,17:48
157,Vishal Thakur,6/30/2026,9:05,18:14
158,Poonam Sharma,6/1/2026,9:17,18:00
158,Poonam Sharma,6/3/2026,9:10,17:56
158,Poonam Sharma,6/9/2026,9:06,18:04
158,Poonam Sharma,6/10/2026,9:12,18:05
158,Poonam Sharma,6/15/2026,9:06,17:47
158,Poonam Sharma,6/19/2026,9:21,17:52
158,Poonam Sharma,6/22/2026,9:22,18:10
158,Poonam Sharma,6/25/2026,9:20,18:02
158,Poonam Sharma,6/26/2026,9:16,18:14
158,Poonam Sharma,6/29/2026,9:15,17:57
159,Dinesh Choudhury,6/2/2026,9:00,18:13
159,Dinesh Choudhury,6/3/2026,9:08,17:46
159,Dinesh Choudhury,6/4/2026,9:15,18:01
159,Dinesh Choudhury,6/5/2026,9:07,17:50
159,Dinesh Choudhury,6/8/2026,9:07,17:53
159,Dinesh Choudhury,6/9/2026,9:01,18:09
159,Dinesh Choudhury,6/10/2026,9:07,18:03
159,Dinesh Choudhury,6/11/2026,9:12,17:56
159,Dinesh Choudhury,6/12/2026,9:05,17:50
159,Dinesh Choudhury,6/15/2026,9:10,18:10
159,Dinesh Choudhury,6/16/2026,9:11,18:14
159,Dinesh Choudhury,6/17/2026,9:11,18:15
159,Dinesh Choudhury,6/18/2026,9:04,18:03
159,Dinesh Choudhury,6/19/2026,9:15,18:02
159,Dinesh Choudhury,6/22/2026,9:15,17:46
159,Dinesh Choudhury,6/23/2026,9:07,18:04
159,Dinesh Choudhury,6/24/2026,9:15,17:45
159,Dinesh Choudhury,6/25/2026,9:06,18:10
159,Dinesh Choudhury,6/26/2026,9:05,18:14
159,Dinesh Choudhury,6/29/2026,9:10,17:46
160,Rashmi Iyer,6/1/2026,9:04,18:09
160,Rashmi Iyer,6/2/2026,9:11,18:15
160,Rashmi Iyer,6/4/2026,9:12,18:03
160,Rashmi Iyer,6/5/2026,9:09,17:55
160,Rashmi Iyer,6/8/2026,9:05,18:08
160,Rashmi Iyer,6/9/2026,9:15,18:05
160,Rashmi Iyer,6/10/2026,9:11,17:52
160,Rashmi Iyer,6/11/2026,9:05,17:57
160,Rashmi Iyer,6/12/2026,9:09,17:49
160,Rashmi Iyer,6/15/2026,9:00,18:15
160,Rashmi Iyer,6/16/2026,9:12,18:12
160,Rashmi Iyer,6/17/2026,9:01,17:50
160,Rashmi Iyer,6/18/2026,9:07,18:05
160,Rashmi Iyer,6/19/2026,9:15,17:49
160,Rashmi Iyer,6/22/2026,9:02,17:52
160,Rashmi Iyer,6/23/2026,9:10,17:50
160,Rashmi Iyer,6/24/2026,9:02,18:11
160,Rashmi Iyer,6/25/2026,9:10,17:59
160,Rashmi Iyer,6/29/2026,9:02,17:56
160,Rashmi Iyer,6/30/2026,9:03,18:08
